transaction_id,channel,country,amount_eur,hour_of_day,previous_transactions_24h,fraud_flag
1,Online,IT,83.95,13,1,0
2,Online,FR,10.12,2,1,0
3,Mobile,NL,26.96,10,1,0
4,Online,IT,44.8,13,1,0
5,POS,BE,51.58,5,1,0
6,Mobile,ES,37.18,3,0,0
7,Mobile,NL,138.27,5,1,0
8,Mobile,DE,9.06,1,0,0
9,Online,DE,26.04,5,2,0
10,Mobile,ES,6.12,12,0,0
11,Mobile,ES,61.64,19,0,0
12,Online,ES,57.66,20,0,0
13,Mobile,FR,942.56,16,1,0
14,Online,DE,92.42,8,3,0
15,POS,DE,46.13,22,3,0
16,Mobile,DE,42.73,22,2,0
17,POS,NL,24.13,8,2,0
18,Online,ES,37.73,0,1,0
19,Online,ES,43.65,10,2,0
20,Mobile,ES,4.64,11,2,0
21,Online,IT,40.32,16,1,0
22,POS,ES,36.64,3,1,0
23,Mobile,DE,191.33,13,2,1
24,Mobile,DE,29.03,7,0,0
25,Mobile,NL,15.4,11,0,0
26,POS,ES,43.32,0,0,0
27,Online,IT,35.67,12,0,0
28,Mobile,ES,29.06,0,0,0
29,POS,FR,9.22,20,3,0
30,POS,DE,28.33,17,2,0
31,Mobile,FR,18.56,22,3,1
32,Mobile,DE,26.67,15,2,0
33,POS,NL,68.87,23,0,0
34,Online,FR,16.87,5,1,0
35,Online,DE,26.54,0,0,0
36,POS,ES,56.89,21,0,0
37,Online,IT,25.29,15,5,0
38,Online,DE,449.97,16,1,0
39,Mobile,NL,42.47,6,0,0
40,Online,IT,9.56,8,1,0
41,Mobile,DE,14.31,16,1,0
42,POS,DE,12.94,9,0,0
43,Mobile,IT,14.51,1,1,0
44,Online,IT,56.65,7,2,0
45,POS,BE,10.95,9,1,0
46,Mobile,NL,23.78,19,0,0
47,POS,ES,103.83,8,1,0
48,Mobile,ES,19.69,11,2,0
49,Mobile,FR,64.81,14,2,0
50,Mobile,BE,6.15,3,1,0
51,POS,BE,22.86,13,1,0
52,POS,BE,13.65,4,0,0
53,Online,BE,44.69,21,2,0
54,Online,IT,11.77,7,1,0
55,Online,NL,262.34,7,1,0
56,Online,NL,6.43,9,2,0
57,Mobile,NL,103.11,8,1,0
58,Online,NL,79.7,14,3,0
59,POS,FR,45.14,17,3,0
60,POS,NL,34.97,23,2,0
61,Online,DE,211.66,21,1,1
62,Mobile,BE,391.88,6,3,0
63,Mobile,IT,26.92,14,1,0
64,Online,ES,38.77,7,0,0
65,Online,DE,19.06,19,0,0
66,Online,NL,10.29,0,1,0
67,Online,ES,52.62,23,0,0
68,Online,ES,42.51,8,0,0
69,Online,IT,6.62,17,0,0
70,POS,FR,52.25,16,0,0
71,POS,NL,43.95,8,2,0
72,Online,IT,18.15,23,1,0
73,POS,DE,17.0,6,0,0
74,POS,FR,50.59,17,3,0
75,Online,FR,165.49,22,1,1
76,Online,IT,49.32,2,0,0
77,Mobile,FR,72.28,22,1,0
78,Online,BE,14.41,21,1,0
79,Online,BE,21.88,9,2,0
80,Mobile,IT,60.83,20,1,0
81,POS,IT,8.51,0,4,0
82,Mobile,BE,40.74,4,2,0
83,Online,NL,54.24,18,2,0
84,Online,FR,31.86,22,0,0
85,POS,BE,45.58,3,0,0
86,Online,ES,35.09,17,2,0
87,POS,ES,17.78,2,1,0
88,Online,FR,10.19,18,0,0
89,Mobile,ES,30.26,21,0,0
90,Mobile,DE,122.06,11,0,0
91,Mobile,BE,92.24,2,3,0
92,POS,FR,23.45,4,2,0
93,POS,ES,22.96,12,2,0
94,POS,IT,21.33,19,1,0
95,Online,ES,21.34,12,0,0
96,POS,ES,44.16,11,0,0
97,Online,ES,95.34,14,0,0
98,Mobile,DE,318.24,23,1,1
99,Online,DE,14.44,18,3,0
100,Online,IT,63.51,3,0,0
101,Mobile,BE,56.96,4,1,0
102,Online,FR,23.81,8,1,0
103,POS,BE,11.87,6,1,0
104,POS,NL,43.61,17,0,0
105,Online,NL,275.86,23,3,1
106,POS,NL,43.34,13,1,0
107,Mobile,BE,15.07,21,1,1
108,Online,NL,28.3,10,1,0
109,POS,NL,10.59,16,3,0
110,Mobile,ES,33.73,16,2,0
111,Online,ES,65.59,7,1,0
112,Mobile,DE,16.57,17,1,0
113,Mobile,ES,1.28,12,1,0
114,Mobile,NL,43.68,13,1,0
115,POS,FR,20.05,6,1,0
116,Mobile,FR,15.63,7,1,0
117,Mobile,FR,15.5,20,1,0
118,POS,IT,49.41,14,1,0
119,Online,NL,22.02,3,1,0
120,Mobile,BE,83.97,13,1,1
121,Online,DE,85.84,14,1,0
122,Mobile,FR,25.26,19,1,0
123,POS,DE,19.67,20,2,0
124,POS,ES,37.63,15,0,0
125,Mobile,NL,28.63,0,0,0
126,POS,NL,5.74,11,4,0
127,Mobile,DE,224.55,4,3,0
128,Mobile,IT,67.65,0,0,0
129,Online,NL,20.83,22,2,0
130,Mobile,DE,4.87,4,1,0
131,Online,FR,27.65,5,1,0
132,Mobile,NL,18.39,8,4,0
133,Online,BE,31.17,11,0,0
134,Online,FR,3.8,14,0,0
135,Online,BE,20.65,7,1,0
136,Mobile,NL,21.95,19,0,0
137,POS,DE,27.32,3,2,0
138,POS,DE,26.15,23,3,0
139,POS,ES,34.89,20,3,0
140,POS,ES,151.59,14,1,0
141,Mobile,NL,19.79,1,0,0
142,Mobile,FR,13.31,17,1,0
143,Online,ES,5.89,16,2,0
144,POS,NL,19.86,14,3,0
145,Online,NL,8.16,6,1,0
146,Online,BE,86.5,10,1,0
147,Online,BE,30.08,9,0,0
148,Mobile,ES,84.73,14,1,0
149,Mobile,FR,143.41,7,3,0
150,Online,IT,13.94,9,3,0
151,Mobile,NL,23.4,21,1,1
152,Online,NL,125.42,10,5,0
153,Online,BE,40.01,14,2,0
154,Online,IT,55.79,21,1,0
155,Online,NL,93.04,22,3,0
156,POS,ES,81.17,13,1,0
157,POS,IT,49.92,6,2,0
158,Online,BE,133.8,2,2,0
159,POS,ES,30.93,20,0,0
160,POS,DE,55.67,12,1,0
161,POS,ES,27.75,13,1,0
162,Mobile,FR,91.89,22,1,0
163,POS,DE,16.43,8,2,0
164,POS,DE,6.15,2,2,0
165,Mobile,IT,63.75,16,2,0
166,Mobile,ES,11.94,23,1,0
167,Mobile,ES,10.81,4,2,0
168,POS,ES,117.32,23,1,0
169,Online,DE,87.03,12,0,1
170,Online,DE,23.51,13,0,0
171,Online,BE,1.58,23,2,0
172,Mobile,DE,56.44,7,0,0
173,Mobile,BE,64.23,17,2,0
174,POS,IT,55.52,0,1,0
175,Mobile,ES,53.03,16,0,0
176,Mobile,FR,27.62,0,0,0
177,POS,IT,21.97,0,1,0
178,Online,BE,10.96,9,2,0
179,POS,FR,16.49,8,4,0
180,Mobile,IT,45.67,18,1,0
181,POS,FR,46.43,21,0,1
182,POS,DE,72.95,22,2,0
183,POS,NL,8.11,14,1,0
184,Mobile,BE,6.3,3,1,0
185,POS,BE,22.65,16,1,0
186,Online,ES,11.94,11,2,0
187,POS,NL,39.88,12,2,0
188,POS,DE,8.94,12,2,0
189,Mobile,NL,107.8,21,1,0
190,Online,DE,14.56,9,0,0
191,Mobile,IT,162.82,23,1,0
192,Mobile,IT,55.94,12,1,0
193,Mobile,FR,11.53,16,0,0
194,Online,NL,269.01,22,2,1
195,Online,IT,43.18,19,0,0
196,POS,NL,39.1,10,1,0
197,Online,NL,31.02,4,0,0
198,POS,FR,52.8,3,1,0
199,Mobile,IT,56.0,8,3,0
200,POS,ES,13.94,15,1,0
201,Mobile,FR,26.75,19,0,0
202,Mobile,FR,37.18,0,1,0
203,Mobile,NL,59.31,11,1,0
204,Mobile,DE,60.32,22,0,0
205,Online,ES,39.04,19,0,0
206,Online,FR,19.1,22,1,0
207,Mobile,IT,18.15,22,2,0
208,Mobile,FR,10.06,2,1,0
209,Mobile,IT,59.9,16,1,0
210,POS,ES,17.89,13,1,0
211,Online,BE,27.34,11,1,0
212,POS,IT,42.0,19,0,0
213,POS,IT,33.25,22,0,0
214,Online,DE,32.93,11,2,0
215,POS,DE,13.4,15,2,1
216,POS,ES,43.33,11,2,0
217,Online,NL,24.22,15,0,1
218,Mobile,ES,30.37,23,1,0
219,POS,FR,105.42,19,1,0
220,Mobile,ES,54.89,5,3,1
221,Online,NL,18.71,20,2,0
222,Mobile,BE,28.53,12,1,0
223,POS,BE,163.93,14,2,1
224,Mobile,NL,24.35,2,1,0
225,Online,BE,34.46,10,2,0
226,Online,BE,64.34,7,1,0
227,Online,FR,41.07,2,0,1
228,POS,BE,22.81,20,1,0
229,POS,DE,15.75,3,0,0
230,Online,BE,32.78,17,0,0
231,Online,DE,63.94,17,1,0
232,Mobile,DE,124.08,14,1,1
233,Mobile,NL,7.65,20,1,0
234,Online,NL,193.02,2,4,0
235,Mobile,NL,24.82,0,0,0
236,Mobile,DE,83.5,20,1,0
237,Mobile,ES,15.84,4,1,0
238,Online,DE,6.61,7,1,0
239,POS,FR,8.91,16,2,0
240,Online,DE,23.78,12,0,0
241,Online,FR,55.93,4,0,0
242,Mobile,DE,34.16,5,1,1
243,Mobile,DE,25.78,20,4,0
244,Online,NL,101.29,12,2,0
245,POS,BE,33.18,22,2,0
246,Online,DE,43.81,13,1,0
247,Mobile,BE,743.25,15,0,0
248,POS,IT,32.85,8,0,0
249,Online,FR,16.51,0,1,0
250,Mobile,BE,53.57,12,0,0
251,Online,ES,69.0,17,1,0
252,Online,FR,44.75,9,1,0
253,Mobile,NL,38.74,20,0,0
254,POS,ES,145.8,16,0,0
255,Mobile,BE,128.67,12,0,0
256,Online,FR,29.46,13,2,1
257,POS,FR,17.4,5,0,0
258,POS,NL,50.87,21,0,0
259,Online,BE,17.3,1,1,0
260,Online,BE,80.25,1,2,0
261,Online,BE,50.61,18,2,0
262,POS,DE,478.2,0,1,0
263,POS,NL,144.5,12,0,0
264,POS,BE,11.26,4,1,0
265,Online,BE,19.71,16,0,0
266,Mobile,DE,4.88,2,2,0
267,Mobile,NL,3.9,6,1,0
268,Mobile,FR,37.11,12,1,0
269,Online,NL,10.05,9,2,0
270,Mobile,DE,170.92,4,0,0
271,Online,BE,105.42,1,1,0
272,POS,DE,25.24,0,3,0
273,Online,FR,23.85,4,2,0
274,Online,ES,146.26,6,1,0
275,POS,DE,183.94,2,0,0
276,Online,DE,13.03,12,1,0
277,Mobile,DE,11.46,21,1,0
278,POS,FR,24.51,17,1,0
279,Mobile,BE,50.97,7,2,0
280,Online,NL,19.81,10,1,0
281,Mobile,FR,52.05,18,3,0
282,Online,ES,232.83,23,1,0
283,POS,IT,8.12,13,0,0
284,POS,BE,21.21,4,0,0
285,Mobile,BE,8.27,20,2,0
286,Online,ES,14.35,12,1,0
287,Online,ES,24.66,0,5,0
288,Online,BE,16.0,6,2,0
289,Mobile,BE,55.7,12,1,0
290,POS,IT,38.51,19,1,0
291,Online,ES,44.66,20,1,0
292,Mobile,DE,24.37,4,0,0
293,Online,FR,26.72,17,1,0
294,Online,ES,23.32,23,1,0
295,POS,BE,25.82,19,0,0
296,Mobile,FR,50.35,17,2,0
297,Mobile,BE,4.84,19,2,0
298,Online,FR,44.17,13,1,0
299,Mobile,ES,13.89,14,4,0
300,Mobile,ES,23.6,12,4,0
301,Online,IT,6.95,22,0,0
302,POS,IT,23.13,8,0,0
303,POS,ES,43.72,18,2,0
304,POS,ES,52.3,0,0,0
305,POS,ES,10.11,10,1,0
306,POS,DE,49.84,21,1,0
307,POS,IT,103.52,5,0,0
308,POS,BE,20.21,19,0,0
309,POS,IT,33.15,12,4,0
310,POS,DE,4.18,3,2,0
311,Online,DE,13.5,2,1,0
312,POS,BE,43.4,2,1,0
313,Mobile,BE,86.1,11,1,0
314,Mobile,FR,18.19,7,2,0
315,Mobile,DE,477.89,21,0,1
316,Mobile,DE,45.33,18,2,0
317,Mobile,ES,9.27,3,1,0
318,POS,NL,119.96,12,0,0
319,Mobile,NL,9.46,18,2,0
320,Mobile,IT,45.99,15,0,0
321,Online,IT,13.08,0,0,1
322,Online,NL,8.52,0,1,0
323,Online,NL,86.67,14,1,0
324,POS,DE,25.54,22,1,0
325,Mobile,BE,185.99,1,1,0
326,POS,DE,11.97,3,0,0
327,Mobile,IT,6.96,4,0,0
328,Online,FR,20.5,7,2,0
329,POS,BE,596.16,21,1,0
330,Mobile,DE,76.24,22,0,0
331,Online,DE,57.62,7,0,0
332,Mobile,ES,59.56,17,0,0
333,Online,BE,20.39,0,0,0
334,Mobile,DE,507.43,12,4,0
335,Online,FR,52.36,15,2,0
336,POS,DE,47.67,20,2,0
337,Mobile,FR,88.66,19,3,0
338,POS,DE,9.27,1,1,0
339,POS,IT,13.74,9,1,0
340,Mobile,DE,25.91,1,0,0
341,Mobile,FR,89.24,0,1,0
342,Online,BE,9.04,3,2,0
343,POS,NL,30.96,22,2,0
344,Mobile,DE,26.87,6,1,0
345,POS,IT,6.86,17,0,0
346,Online,ES,19.91,17,1,0
347,Online,DE,56.95,20,1,0
348,Mobile,FR,7.51,12,2,0
349,POS,IT,135.82,23,1,0
350,Mobile,DE,52.88,10,2,0
351,Mobile,DE,46.81,18,2,1
352,Online,DE,33.39,18,2,0
353,POS,BE,11.11,13,0,0
354,Online,BE,17.29,7,2,0
355,Mobile,BE,47.55,3,1,0
356,POS,FR,17.26,2,1,0
357,Mobile,DE,39.99,11,2,0
358,Online,BE,13.48,9,4,0
359,Online,ES,52.01,5,1,0
360,Mobile,ES,56.04,18,0,0
361,POS,ES,6.5,3,1,0
362,Online,NL,35.42,11,1,0
363,Mobile,FR,7.23,10,2,0
364,POS,FR,5.15,23,1,0
365,Online,IT,18.29,2,0,0
366,Online,FR,542.9,20,1,0
367,Mobile,DE,71.91,16,0,0
368,Online,DE,133.23,18,1,0
369,POS,DE,60.85,18,3,0
370,Online,FR,40.67,18,2,1
371,Mobile,DE,81.08,10,3,0
372,Mobile,BE,17.47,13,3,0
373,Mobile,DE,53.01,8,0,0
374,Mobile,BE,107.46,21,3,0
375,Online,BE,66.65,5,0,0
376,Mobile,ES,114.75,14,2,0
377,Online,IT,39.75,5,1,0
378,POS,NL,179.84,8,0,0
379,Mobile,NL,26.89,23,0,0
380,Online,FR,275.25,4,0,0
381,Online,BE,58.77,21,1,0
382,Online,ES,22.56,19,1,0
383,POS,DE,10.18,8,2,0
384,POS,FR,14.76,8,3,0
385,POS,BE,12.69,0,1,0
386,Online,BE,30.3,18,1,0
387,Online,BE,9.26,15,2,0
388,Online,BE,120.63,23,2,1
389,Online,NL,36.99,6,2,0
390,POS,FR,35.52,9,0,0
391,Online,BE,10.33,16,0,0
392,Online,NL,15.35,8,0,0
393,POS,IT,3.6,7,1,0
394,POS,BE,166.97,4,4,0
395,Mobile,ES,8.02,23,3,0
396,POS,BE,8.65,11,0,0
397,Mobile,IT,136.07,18,1,0
398,Mobile,NL,48.79,15,1,0
399,POS,IT,37.37,14,1,0
400,POS,DE,46.54,7,0,0
401,Online,IT,85.96,7,1,0
402,Mobile,NL,36.59,11,1,0
403,Mobile,DE,7.07,3,2,0
404,POS,BE,68.94,12,5,0
405,POS,BE,50.52,2,0,0
406,Online,NL,106.86,6,0,0
407,POS,FR,9.5,15,2,0
408,Online,IT,15.97,0,2,1
409,Online,DE,49.01,1,0,0
410,Online,IT,12.88,5,0,0
411,POS,ES,3.15,18,0,0
412,POS,IT,40.34,19,1,0
413,POS,IT,81.05,0,1,0
414,Mobile,DE,29.11,6,1,0
415,POS,IT,57.29,1,1,0
416,Mobile,FR,49.57,0,2,0
417,Online,DE,33.46,22,1,0
418,Online,IT,37.94,10,2,0
419,POS,FR,127.63,19,1,0
420,Online,ES,12.63,16,1,0
421,Mobile,BE,71.74,10,2,0
422,Online,DE,10.17,18,1,0
423,Mobile,IT,14.96,5,2,0
424,Mobile,IT,109.5,9,0,0
425,POS,BE,9.88,9,2,0
426,Online,BE,26.01,13,3,0
427,POS,NL,351.2,5,1,0
428,POS,ES,92.35,17,0,0
429,POS,IT,15.84,20,0,0
430,Online,IT,18.81,21,0,1
431,Online,BE,27.94,21,1,0
432,Mobile,IT,122.97,15,0,0
433,Online,ES,12.16,19,2,0
434,POS,BE,11.45,16,1,0
435,Mobile,ES,67.58,22,2,0
436,Online,NL,6.16,2,0,1
437,Mobile,ES,13.32,4,1,0
438,POS,BE,30.41,10,0,0
439,POS,FR,32.01,14,0,0
440,Mobile,BE,8.46,21,4,0
441,Mobile,IT,47.17,2,0,0
442,POS,BE,57.61,3,1,0
443,Online,FR,17.07,20,4,0
444,Mobile,FR,174.3,7,1,0
445,Online,BE,46.51,0,0,0
446,Mobile,BE,12.12,16,1,0
447,POS,DE,167.47,21,0,0
448,POS,BE,19.62,21,1,0
449,Mobile,DE,39.6,20,2,0
450,Mobile,IT,20.35,1,1,0
451,Online,BE,61.82,3,1,0
452,Mobile,IT,20.46,20,2,0
453,POS,FR,21.74,16,1,0
454,POS,FR,28.22,5,3,0
455,POS,DE,20.05,9,1,0
456,Mobile,BE,96.72,20,2,0
457,Online,BE,9.41,22,0,0
458,POS,BE,31.91,21,1,1
459,Mobile,IT,36.21,11,1,0
460,POS,BE,29.23,18,1,0
461,POS,ES,87.21,1,2,0
462,POS,NL,7.36,22,2,0
463,POS,FR,58.44,5,1,0
464,Mobile,ES,9.54,23,1,0
465,Mobile,FR,19.91,0,0,0
466,Mobile,ES,8.6,22,2,0
467,Online,BE,23.76,12,0,0
468,Online,FR,18.57,12,2,0
469,Mobile,BE,170.42,16,1,0
470,POS,IT,42.16,11,2,0
471,POS,ES,51.41,22,1,0
472,POS,IT,10.94,2,0,0
473,POS,NL,69.41,15,3,0
474,Mobile,ES,170.41,5,1,1
475,POS,IT,79.04,0,2,0
476,POS,IT,8.92,15,3,1
477,POS,BE,20.82,16,0,0
478,Online,FR,36.91,3,1,0
479,Mobile,BE,18.59,17,0,0
480,Online,IT,416.96,22,0,0
481,Online,IT,20.44,16,0,0
482,Online,IT,31.71,5,3,0
483,Online,IT,18.17,2,0,0
484,Online,BE,41.75,2,2,0
485,Online,DE,131.94,14,2,0
486,Online,NL,37.15,5,2,1
487,Mobile,IT,26.6,8,1,0
488,Online,NL,11.31,1,0,0
489,Mobile,NL,110.92,10,2,0
490,Mobile,FR,28.68,3,0,0
491,Mobile,ES,27.48,10,0,0
492,POS,ES,3.19,14,0,0
493,Online,DE,29.16,23,1,0
494,POS,BE,22.17,6,2,0
495,POS,IT,5.33,7,1,0
496,Mobile,ES,89.09,19,0,0
497,Online,IT,19.39,22,0,0
498,Online,ES,220.43,9,1,0
499,POS,NL,136.24,8,0,1
500,Mobile,DE,16.12,17,2,0
501,Online,DE,130.23,18,0,0
502,Mobile,NL,165.76,16,2,1
503,Mobile,IT,18.93,15,1,0
504,POS,ES,11.79,3,2,0
505,POS,IT,3.84,6,0,0
506,POS,DE,48.45,1,3,0
507,Mobile,IT,12.51,9,3,0
508,Online,IT,49.92,20,0,0
509,Online,NL,18.77,5,1,0
510,POS,IT,15.18,16,0,0
511,Online,NL,18.89,10,0,0
512,POS,FR,9.03,4,5,0
513,Mobile,DE,18.88,5,3,0
514,POS,BE,15.85,16,2,0
515,Mobile,NL,32.65,18,1,0
516,POS,IT,36.75,7,0,0
517,Online,FR,11.35,22,0,0
518,POS,IT,99.56,1,1,0
519,POS,FR,28.23,13,1,0
520,Online,BE,148.78,5,0,0
521,POS,ES,42.14,21,1,0
522,Online,IT,35.48,18,0,0
523,Mobile,FR,20.27,1,0,0
524,POS,BE,61.24,9,1,0
525,Online,DE,34.25,17,1,0
526,Online,NL,78.14,13,0,0
527,POS,IT,164.79,11,0,0
528,Mobile,BE,16.01,3,0,0
529,POS,FR,61.16,13,2,0
530,Mobile,ES,59.45,2,1,0
531,Online,ES,52.36,7,4,0
532,Mobile,IT,21.47,5,1,0
533,POS,FR,21.91,15,1,0
534,Online,NL,18.47,11,0,0
535,Online,FR,18.11,10,2,0
536,POS,FR,14.29,20,0,0
537,Online,DE,29.83,9,1,0
538,POS,BE,15.52,18,0,0
539,POS,FR,51.2,21,1,0
540,Mobile,IT,35.06,3,0,0
541,POS,NL,39.22,17,1,0
542,Mobile,ES,25.19,1,0,0
543,Online,BE,35.48,15,2,0
544,POS,DE,25.86,5,3,0
545,POS,FR,72.21,6,1,0
546,Online,IT,21.28,20,1,0
547,Mobile,FR,48.21,4,0,0
548,POS,BE,8.97,12,1,0
549,Mobile,BE,67.5,18,1,0
550,Mobile,IT,18.93,19,2,0
551,Mobile,BE,13.3,4,3,0
552,POS,IT,10.6,8,0,0
553,Mobile,IT,9.8,13,1,0
554,Mobile,NL,20.46,14,1,0
555,Mobile,IT,148.21,3,2,0
556,Mobile,IT,17.4,14,2,0
557,Mobile,NL,3.64,0,0,0
558,Mobile,FR,47.73,15,1,0
559,Online,DE,10.87,17,1,0
560,POS,IT,74.8,11,0,0
561,POS,FR,21.73,5,1,0
562,Mobile,DE,25.18,5,0,0
563,Mobile,NL,109.65,16,0,0
564,Mobile,ES,61.42,10,0,0
565,POS,NL,9.52,22,2,0
566,Mobile,DE,11.03,23,0,0
567,Online,BE,5.56,10,0,0
568,Mobile,NL,447.3,6,1,0
569,Online,DE,13.98,19,0,0
570,POS,IT,106.68,17,1,0
571,Mobile,FR,19.45,3,2,0
572,Mobile,DE,11.25,22,0,0
573,Online,IT,33.84,4,1,0
574,POS,NL,23.89,13,2,0
575,POS,DE,73.84,4,2,0
576,Mobile,IT,74.77,11,1,0
577,Online,ES,18.35,14,1,0
578,Mobile,FR,7.85,2,2,0
579,POS,IT,10.0,6,3,0
580,Mobile,BE,3.38,18,2,0
581,Mobile,ES,25.17,22,3,0
582,POS,IT,32.73,21,0,0
583,POS,BE,10.56,18,3,0
584,Mobile,FR,9.36,23,1,0
585,Mobile,BE,32.59,3,1,0
586,Mobile,NL,17.6,4,0,0
587,POS,FR,26.76,9,0,0
588,POS,ES,22.94,22,0,0
589,Online,FR,42.47,19,1,0
590,POS,ES,18.82,8,1,0
591,Online,FR,20.31,0,1,0
592,Mobile,DE,5.04,14,2,0
593,Online,NL,31.49,7,1,0
594,Mobile,BE,36.19,5,3,0
595,Mobile,DE,27.72,5,0,0
596,POS,FR,224.04,5,0,0
597,Mobile,BE,38.97,7,0,0
598,POS,NL,28.32,14,0,0
599,Mobile,FR,54.55,3,0,0
600,Mobile,DE,273.93,11,1,0
601,Online,DE,42.64,22,2,0
602,Mobile,IT,3.58,23,2,0
603,Mobile,IT,51.01,19,2,1
604,Online,DE,13.75,6,3,0
605,Online,IT,4.84,3,2,0
606,Online,DE,180.83,21,1,0
607,Mobile,FR,145.68,9,0,0
608,Mobile,IT,13.39,11,2,0
609,POS,NL,13.48,10,4,0
610,Mobile,FR,38.87,3,1,0
611,Mobile,ES,13.66,17,1,0
612,POS,IT,28.93,5,2,0
613,Mobile,IT,16.23,5,2,0
614,Mobile,IT,22.19,18,1,0
615,Mobile,IT,8.13,17,0,0
616,POS,FR,75.71,19,1,0
617,Online,DE,110.36,16,1,0
618,Online,FR,29.96,0,1,0
619,Mobile,NL,31.94,10,1,0
620,Mobile,NL,62.13,9,6,0
621,Mobile,IT,33.18,7,3,0
622,Online,DE,186.71,11,0,0
623,Mobile,BE,8.88,11,2,0
624,Online,DE,78.33,14,1,0
625,POS,BE,29.54,23,3,0
626,Mobile,FR,10.79,15,4,0
627,Online,NL,313.28,22,0,0
628,POS,FR,359.67,19,0,0
629,Mobile,ES,26.9,17,0,1
630,Online,ES,51.66,6,0,0
631,Online,DE,20.67,13,0,0
632,POS,DE,24.28,2,0,0
633,Mobile,ES,10.67,22,1,0
634,POS,FR,9.2,4,1,0
635,POS,NL,209.38,5,0,0
636,POS,NL,31.86,22,3,0
637,Online,FR,34.83,2,2,0
638,POS,DE,14.72,13,0,1
639,Mobile,NL,40.04,13,3,0
640,POS,ES,7.36,5,3,0
641,Mobile,FR,15.28,9,0,0
642,POS,ES,9.98,18,1,0
643,Mobile,NL,120.65,17,0,0
644,POS,FR,6.35,14,2,0
645,POS,FR,10.18,13,1,0
646,Mobile,BE,4.27,8,0,0
647,Online,IT,13.6,14,0,0
648,POS,FR,20.92,0,1,0
649,Mobile,FR,88.04,1,1,0
650,Mobile,IT,26.52,18,2,0
651,Online,FR,21.96,4,1,0
652,Mobile,FR,44.7,17,3,0
653,POS,NL,21.27,0,1,0
654,POS,ES,368.67,6,0,0
655,Online,NL,18.34,22,0,0
656,Online,DE,50.08,6,2,0
657,POS,FR,75.68,23,2,0
658,POS,FR,17.82,6,0,0
659,Online,NL,39.07,15,1,0
660,Mobile,BE,20.07,16,0,0
661,POS,IT,43.55,15,0,0
662,Online,NL,36.63,7,1,0
663,Mobile,FR,28.78,18,4,0
664,Online,BE,10.43,7,1,0
665,Mobile,DE,213.51,19,2,0
666,Mobile,BE,59.53,9,3,0
667,Mobile,FR,6.76,20,2,0
668,Mobile,NL,21.75,23,1,0
669,Mobile,IT,6.89,18,1,0
670,Online,IT,70.96,11,0,0
671,POS,FR,32.4,10,1,0
672,POS,NL,33.25,9,1,0
673,POS,NL,14.26,8,2,0
674,Online,IT,24.15,11,0,0
675,Online,IT,72.76,11,1,0
676,Mobile,FR,95.19,17,1,0
677,Mobile,IT,77.2,21,5,0
678,Mobile,DE,7.01,21,0,0
679,POS,FR,27.49,14,1,0
680,POS,NL,42.66,23,2,1
681,Mobile,BE,15.88,21,0,0
682,Mobile,ES,6.3,11,1,0
683,POS,IT,9.15,9,2,0
684,POS,ES,148.38,11,0,0
685,Mobile,BE,10.06,0,1,0
686,Mobile,ES,34.73,7,2,0
687,Online,BE,28.32,9,2,0
688,Online,FR,28.4,18,1,1
689,Online,BE,24.05,6,0,0
690,Online,DE,72.9,15,2,1
691,Mobile,NL,34.32,7,2,0
692,POS,ES,17.71,8,4,0
693,Online,FR,34.86,1,1,0
694,Online,IT,9.23,12,1,0
695,POS,NL,53.3,2,1,0
696,Mobile,FR,16.76,4,1,0
697,POS,DE,17.75,12,1,0
698,POS,IT,55.32,16,0,0
699,Online,FR,22.04,9,0,0
700,Online,BE,23.31,6,0,0
701,Mobile,NL,106.45,21,2,0
702,Mobile,BE,12.51,8,1,0
703,Mobile,FR,54.51,7,1,0
704,POS,BE,85.59,1,3,0
705,Online,BE,106.37,8,1,0
706,POS,NL,291.93,5,2,0
707,Mobile,NL,17.42,8,3,0
708,Online,NL,13.9,4,1,0
709,Mobile,DE,74.98,4,2,0
710,Mobile,ES,84.8,17,1,0
711,Mobile,DE,15.02,11,2,0
712,POS,IT,53.77,16,0,0
713,POS,NL,504.82,13,1,1
714,Mobile,BE,36.77,12,2,0
715,Online,ES,83.39,11,4,0
716,Mobile,NL,160.25,9,0,0
717,POS,BE,404.94,6,2,1
718,POS,NL,42.34,21,1,0
719,POS,ES,115.94,9,0,0
720,Online,FR,15.05,21,2,0
721,Mobile,IT,33.95,18,1,0
722,Mobile,BE,21.19,14,0,0
723,POS,DE,5.03,20,1,0
724,Online,NL,6.67,15,1,0
725,Mobile,NL,50.91,19,2,0
726,Mobile,NL,51.92,19,1,0
727,Mobile,DE,11.69,15,2,0
728,Online,ES,157.18,17,1,0
729,Online,FR,10.91,19,2,0
730,POS,NL,42.83,5,2,0
731,Online,NL,21.86,21,0,0
732,POS,FR,36.85,12,2,0
733,POS,DE,81.33,2,2,0
734,POS,ES,70.62,3,1,0
735,Mobile,FR,67.21,18,0,0
736,POS,NL,59.15,19,1,0
737,POS,DE,9.27,15,0,0
738,Mobile,FR,102.98,15,2,1
739,POS,NL,11.47,20,1,0
740,Mobile,NL,29.78,23,2,0
741,Mobile,IT,23.31,19,3,0
742,Mobile,FR,47.0,3,2,0
743,POS,ES,20.39,19,3,0
744,POS,IT,28.26,12,1,0
745,POS,NL,167.15,19,2,0
746,POS,ES,9.07,17,0,0
747,Mobile,ES,33.03,16,1,0
748,Mobile,NL,10.87,20,1,0
749,POS,DE,65.0,3,2,0
750,Online,NL,16.01,20,2,0
751,POS,NL,34.42,8,1,0
752,Online,DE,8.81,4,1,0
753,Online,DE,120.49,17,2,0
754,Online,IT,35.62,23,1,0
755,Mobile,DE,38.01,2,1,0
756,Mobile,ES,75.87,23,0,0
757,Online,NL,9.47,8,1,0
758,Mobile,BE,17.9,23,1,0
759,Online,ES,39.25,1,0,0
760,Online,NL,5.69,14,0,0
761,Online,FR,6.33,12,1,0
762,Online,IT,14.57,19,1,0
763,Mobile,BE,10.58,11,0,0
764,Online,ES,23.48,1,3,0
765,POS,FR,55.84,4,1,1
766,POS,DE,70.1,6,2,0
767,POS,FR,202.23,20,2,0
768,Online,FR,32.37,2,1,0
769,POS,IT,38.64,20,3,0
770,Mobile,FR,32.3,12,1,0
771,POS,BE,45.62,13,1,0
772,Mobile,BE,49.32,23,0,0
773,POS,FR,83.27,18,0,0
774,Mobile,FR,82.95,15,1,0
775,Online,IT,55.67,19,2,0
776,Mobile,DE,149.93,11,0,0
777,POS,FR,34.01,22,3,0
778,Mobile,ES,17.97,19,3,0
779,Mobile,NL,21.16,23,0,0
780,Mobile,ES,29.79,13,2,0
781,Online,ES,11.21,15,0,0
782,POS,FR,17.93,10,2,0
783,Mobile,BE,10.59,22,2,0
784,Mobile,FR,46.71,15,0,0
785,POS,BE,47.17,3,0,0
786,POS,NL,5.65,12,4,0
787,Online,BE,17.22,3,1,0
788,POS,FR,205.45,15,1,0
789,POS,NL,62.16,16,0,0
790,Online,ES,52.16,19,1,0
791,Mobile,NL,17.04,3,0,0
792,POS,BE,44.14,11,1,0
793,Online,IT,32.64,8,1,0
794,Mobile,IT,14.93,9,2,0
795,Mobile,BE,20.21,22,0,0
796,Mobile,ES,20.67,13,1,0
797,Mobile,BE,7.47,10,0,0
798,POS,ES,8.81,21,0,0
799,POS,IT,27.13,12,2,0
800,POS,FR,14.18,10,0,0
801,Mobile,FR,24.51,12,1,0
802,Mobile,DE,6.65,20,1,0
803,Mobile,IT,73.8,10,3,0
804,Mobile,IT,265.2,14,4,0
805,Online,ES,92.52,4,2,0
806,POS,BE,102.57,0,4,0
807,POS,DE,61.94,1,0,0
808,POS,IT,43.19,11,0,0
809,Mobile,NL,36.11,17,1,0
810,POS,BE,13.27,5,2,0
811,Mobile,DE,66.03,22,3,0
812,Mobile,FR,62.22,3,1,0
813,POS,NL,20.84,16,3,0
814,Online,NL,56.04,5,2,0
815,Mobile,FR,16.54,1,4,0
816,Mobile,FR,17.63,17,1,0
817,POS,IT,71.89,12,2,0
818,Online,BE,50.93,15,1,0
819,POS,NL,26.26,22,2,0
820,Mobile,IT,23.39,12,0,0
821,POS,BE,39.44,20,2,0
822,POS,ES,5.28,11,0,0
823,POS,IT,15.52,8,1,0
824,Mobile,BE,9.35,9,0,0
825,POS,DE,33.51,8,3,0
826,Mobile,FR,98.36,21,1,0
827,Mobile,ES,53.37,12,2,0
828,Mobile,NL,19.86,22,0,0
829,Mobile,IT,16.34,6,0,0
830,Mobile,FR,15.58,18,0,0
831,Mobile,BE,244.6,2,0,0
832,Online,IT,35.45,6,2,0
833,POS,IT,40.44,0,2,0
834,Online,ES,4.01,21,2,0
835,Mobile,DE,10.17,7,0,0
836,Online,BE,31.68,19,3,0
837,Mobile,BE,20.12,10,1,0
838,Mobile,IT,37.83,2,0,0
839,Online,NL,37.33,8,1,1
840,Mobile,NL,60.37,8,1,0
841,POS,NL,5.11,12,2,0
842,Online,IT,10.97,7,1,0
843,Mobile,BE,29.98,16,0,0
844,Mobile,ES,17.33,17,2,0
845,Mobile,NL,24.28,3,0,1
846,Online,NL,36.93,12,1,0
847,POS,BE,15.72,13,3,0
848,POS,ES,40.14,6,2,0
849,POS,FR,57.05,18,1,0
850,POS,NL,35.34,5,2,0
851,POS,FR,68.08,20,3,0
852,Mobile,BE,3.77,10,2,0
853,Online,DE,18.43,8,0,0
854,Online,DE,80.83,15,2,0
855,Online,ES,13.95,14,1,0
856,Mobile,DE,12.18,12,1,0
857,Mobile,NL,29.19,16,0,0
858,Mobile,BE,32.55,6,1,1
859,Online,NL,19.4,19,1,0
860,POS,FR,209.26,14,1,0
861,POS,BE,44.1,5,1,0
862,Online,NL,13.42,23,1,0
863,POS,BE,7.85,20,0,0
864,Mobile,ES,49.68,4,1,0
865,Mobile,IT,13.11,18,2,0
866,Mobile,DE,285.04,12,1,1
867,Online,DE,50.8,18,1,0
868,POS,BE,57.97,9,2,0
869,POS,BE,42.47,5,1,0
870,Online,BE,101.65,5,1,0
871,POS,DE,3.02,1,0,0
872,POS,NL,9.94,21,0,0
873,Online,NL,93.14,7,6,0
874,POS,IT,148.5,22,0,0
875,POS,FR,9.63,5,1,0
876,Online,FR,5.37,8,2,0
877,POS,BE,39.15,21,1,0
878,Mobile,DE,53.81,8,4,0
879,Online,FR,38.37,18,2,0
880,POS,FR,31.2,2,0,0
881,Online,NL,5.2,22,1,0
882,Mobile,BE,22.76,14,1,0
883,Mobile,DE,26.42,18,0,0
884,POS,NL,19.14,0,1,0
885,Mobile,BE,4.86,23,0,0
886,POS,DE,59.43,11,0,0
887,Mobile,ES,78.71,5,1,0
888,Mobile,BE,14.96,3,1,0
889,POS,NL,27.5,2,0,0
890,POS,ES,20.15,16,3,0
891,Mobile,NL,20.34,5,0,0
892,Online,DE,54.23,22,1,0
893,Online,ES,55.55,5,1,1
894,POS,FR,97.01,2,1,0
895,Online,FR,95.0,20,1,0
896,POS,DE,27.89,18,0,0
897,Mobile,FR,567.99,12,1,0
898,Mobile,DE,156.01,19,2,0
899,Mobile,IT,17.15,17,1,0
900,Mobile,ES,37.58,4,1,0
901,Online,IT,4.55,9,2,0
902,Mobile,FR,34.03,22,1,0
903,POS,IT,176.57,16,1,0
904,Mobile,DE,534.49,14,2,0
905,Online,DE,29.33,4,2,0
906,Online,DE,46.29,12,1,1
907,Mobile,BE,60.66,3,0,0
908,Online,BE,239.78,16,0,1
909,POS,NL,12.39,5,2,0
910,Online,BE,471.31,6,1,0
911,Online,IT,24.12,13,0,0
912,Mobile,FR,10.28,0,1,0
913,Mobile,ES,24.16,16,0,0
914,Online,BE,14.74,10,0,1
915,Mobile,IT,50.36,12,1,0
916,Online,BE,6.34,17,1,0
917,Online,FR,38.15,18,1,1
918,Mobile,NL,64.33,22,0,0
919,Online,ES,145.89,4,1,1
920,Online,FR,65.41,10,2,0
921,Online,IT,137.18,2,0,0
922,Online,DE,18.07,6,1,0
923,Online,FR,49.12,13,2,0
924,POS,ES,3.56,3,0,0
925,Online,NL,29.55,10,0,0
926,Online,DE,48.75,22,0,0
927,Mobile,ES,53.37,1,0,0
928,Online,DE,6.86,5,0,0
929,POS,IT,22.42,6,1,0
930,Online,BE,25.77,21,0,0
931,POS,ES,21.56,17,0,0
932,POS,BE,68.37,4,1,0
933,POS,NL,26.66,16,0,0
934,Mobile,ES,36.57,0,1,0
935,Online,FR,20.3,19,0,0
936,POS,FR,96.05,5,0,0
937,POS,ES,103.47,17,3,0
938,Mobile,DE,24.33,11,1,0
939,POS,FR,572.83,17,1,1
940,Mobile,BE,15.39,8,1,0
941,Mobile,BE,90.67,12,0,0
942,Mobile,ES,12.79,21,0,0
943,POS,NL,71.74,19,1,0
944,Mobile,IT,66.35,13,2,0
945,Online,BE,12.04,22,2,0
946,POS,BE,29.06,2,2,0
947,Mobile,IT,214.38,16,3,1
948,Online,FR,14.67,15,1,0
949,Mobile,NL,49.49,6,2,0
950,Online,NL,46.32,9,3,0
951,Mobile,IT,31.74,9,0,0
952,Online,IT,5.86,16,2,0
953,Mobile,NL,75.84,14,0,0
954,Mobile,ES,33.5,18,1,0
955,Mobile,BE,99.87,15,2,0
956,POS,NL,41.75,23,2,0
957,Mobile,ES,35.32,19,1,0
958,Online,FR,48.06,13,3,0
959,Online,DE,12.34,0,2,0
960,Online,BE,157.29,8,0,0
961,Mobile,IT,22.75,3,0,0
962,Mobile,DE,23.04,10,3,0
963,Mobile,BE,120.58,23,1,0
964,POS,ES,42.41,9,2,0
965,Online,BE,26.14,19,0,0
966,Online,BE,50.09,10,0,0
967,POS,ES,61.93,13,1,0
968,Mobile,DE,29.42,0,0,0
969,Mobile,NL,83.29,16,3,0
970,Mobile,IT,9.29,5,0,0
971,Mobile,DE,43.03,11,0,0
972,POS,IT,73.72,23,2,0
973,Online,DE,61.67,5,3,0
974,POS,DE,3.52,22,1,0
975,Online,NL,29.18,19,0,0
976,Mobile,FR,9.84,1,2,0
977,Online,IT,119.79,8,2,0
978,POS,IT,22.41,23,2,0
979,Online,DE,107.2,10,1,0
980,Mobile,FR,9.81,19,1,0
981,POS,ES,48.94,22,0,0
982,Mobile,IT,33.38,0,1,0
983,POS,BE,525.35,17,1,1
984,POS,DE,107.55,21,2,0
985,POS,FR,100.88,13,1,0
986,Mobile,ES,251.59,23,3,0
987,Online,NL,43.98,16,2,1
988,Mobile,BE,29.98,15,1,0
989,POS,ES,26.75,2,3,0
990,Online,FR,45.96,18,1,1
991,Mobile,BE,2.07,20,1,0
992,Online,ES,33.19,7,1,0
993,POS,BE,41.55,3,0,0
994,Mobile,NL,28.34,13,4,0
995,POS,BE,7.16,22,2,0
996,Online,DE,28.51,17,0,0
997,Online,ES,7.14,19,5,0
998,Mobile,DE,195.15,13,0,0
999,POS,IT,25.6,10,2,0
1000,POS,NL,4.21,7,1,0
1001,POS,IT,26.94,19,1,0
1002,Online,NL,81.08,15,0,0
1003,Mobile,ES,39.49,17,1,0
1004,Online,FR,13.28,20,5,0
1005,Mobile,DE,16.81,23,0,0
1006,Mobile,DE,24.86,20,0,0
1007,Online,NL,21.33,10,1,0
1008,Online,NL,9.4,3,0,0
1009,POS,FR,30.95,13,1,0
1010,Online,NL,8.73,10,2,0
1011,Mobile,IT,85.55,22,0,0
1012,POS,ES,96.65,0,1,0
1013,Mobile,FR,12.14,20,2,0
1014,Online,NL,16.17,15,2,0
1015,Online,IT,21.69,1,0,0
1016,POS,ES,32.09,5,1,0
1017,Mobile,DE,42.81,1,1,0
1018,Mobile,NL,52.62,22,0,0
1019,Mobile,BE,51.4,15,2,0
1020,Mobile,NL,156.63,14,3,0
1021,Online,BE,35.18,12,1,0
1022,POS,FR,9.0,9,1,0
1023,Mobile,IT,6.62,4,0,0
1024,POS,FR,170.0,17,2,0
1025,Mobile,FR,55.13,3,0,0
1026,Mobile,BE,40.71,4,0,0
1027,Mobile,IT,51.88,23,1,0
1028,Mobile,ES,38.87,2,1,0
1029,POS,ES,51.07,22,2,0
1030,Mobile,DE,22.81,2,3,1
1031,Online,FR,95.13,11,1,0
1032,Online,DE,19.59,13,3,0
1033,POS,FR,13.42,2,0,0
1034,Online,ES,6.11,21,2,0
1035,Mobile,NL,26.11,22,2,0
1036,Online,NL,117.63,5,1,0
1037,POS,BE,20.96,5,2,0
1038,Online,ES,8.34,18,0,0
1039,POS,IT,44.03,8,0,0
1040,Online,BE,17.27,0,1,0
1041,Mobile,BE,155.75,18,0,1
1042,Mobile,DE,96.99,8,2,0
1043,Mobile,FR,9.29,9,4,0
1044,Online,DE,27.83,15,2,0
1045,Online,NL,15.56,13,2,0
1046,Online,FR,10.38,19,2,0
1047,POS,DE,31.31,19,1,0
1048,Mobile,BE,75.06,22,0,0
1049,Mobile,ES,30.52,22,1,0
1050,Mobile,IT,19.76,15,1,0
1051,Mobile,IT,3.65,13,2,0
1052,Online,DE,17.02,11,0,0
1053,POS,IT,57.5,15,0,0
1054,Online,IT,8.65,1,0,0
1055,Online,BE,119.41,9,2,0
1056,Mobile,DE,18.47,6,2,0
1057,POS,ES,40.19,13,1,0
1058,Mobile,NL,22.22,22,1,0
1059,Mobile,FR,10.21,11,0,0
1060,POS,BE,51.43,13,0,0
1061,Online,IT,18.21,9,0,0
1062,POS,IT,14.4,8,1,0
1063,POS,ES,3.08,16,2,0
1064,Mobile,FR,121.84,5,1,1
1065,POS,NL,33.32,21,1,0
1066,Mobile,ES,100.14,2,0,0
1067,Online,IT,61.57,5,0,0
1068,Online,FR,100.13,18,1,1
1069,Mobile,BE,18.84,1,0,0
1070,POS,IT,8.39,9,0,0
1071,Mobile,NL,71.0,9,1,0
1072,Mobile,ES,37.72,22,0,0
1073,Online,BE,20.77,3,0,0
1074,Mobile,ES,69.6,10,2,0
1075,Online,DE,45.07,11,1,0
1076,Online,BE,62.74,19,2,1
1077,Online,DE,11.91,12,1,0
1078,Mobile,BE,88.02,3,2,0
1079,Online,BE,32.96,20,1,0
1080,Mobile,IT,97.99,3,1,0
1081,POS,ES,87.2,16,1,0
1082,Online,BE,65.78,6,2,0
1083,Online,FR,29.63,2,1,0
1084,POS,FR,67.33,4,0,0
1085,POS,BE,100.56,22,0,1
1086,Online,IT,60.75,23,1,0
1087,POS,BE,40.55,14,1,0
1088,Mobile,BE,67.48,19,3,0
1089,POS,DE,19.58,21,1,0
1090,Online,BE,150.5,8,1,0
1091,POS,BE,6.16,18,0,0
1092,Mobile,ES,34.27,12,1,0
1093,POS,DE,22.07,4,1,0
1094,POS,FR,17.45,12,1,0
1095,Mobile,FR,44.93,1,0,0
1096,Mobile,FR,10.75,14,3,0
1097,Online,DE,284.84,6,1,0
1098,Mobile,DE,8.57,2,3,0
1099,Mobile,BE,12.79,16,0,0
1100,Mobile,IT,11.64,8,3,0
1101,POS,NL,40.39,10,2,0
1102,Mobile,BE,91.34,2,0,0
1103,Online,ES,56.04,1,3,0
1104,POS,ES,144.36,22,0,0
1105,Mobile,IT,14.48,14,0,0
1106,Online,DE,63.99,9,0,0
1107,Mobile,NL,24.45,15,4,0
1108,Online,IT,41.6,17,2,0
1109,POS,ES,100.35,2,1,0
1110,POS,FR,6.1,22,0,0
1111,Mobile,IT,242.5,15,1,0
1112,POS,FR,28.64,7,1,0
1113,Mobile,ES,6.64,6,1,0
1114,POS,IT,16.56,2,3,0
1115,POS,ES,36.68,6,0,0
1116,Online,BE,16.56,8,1,0
1117,Online,DE,4.27,5,1,0
1118,Mobile,IT,36.48,16,2,0
1119,Online,FR,16.09,6,2,0
1120,Online,BE,63.51,11,2,0
1121,Online,BE,11.38,13,3,0
1122,POS,DE,317.83,1,1,0
1123,Online,BE,55.35,4,1,0
1124,POS,FR,40.32,1,4,0
1125,Mobile,FR,61.75,16,0,0
1126,POS,IT,5.36,16,1,0
1127,POS,ES,20.15,3,0,0
1128,Mobile,FR,196.96,17,2,0
1129,Mobile,NL,24.04,19,0,0
1130,POS,ES,31.1,2,1,0
1131,Online,ES,20.77,2,2,0
1132,Mobile,NL,143.24,19,1,0
1133,Mobile,ES,25.93,7,1,0
1134,Online,FR,9.47,8,2,0
1135,Online,ES,436.51,14,1,0
1136,Online,IT,8.37,1,0,0
1137,Online,ES,30.04,10,1,1
1138,Mobile,IT,14.27,8,1,0
1139,Mobile,NL,16.42,19,2,0
1140,Online,DE,11.47,17,2,0
1141,POS,NL,19.3,6,2,0
1142,Mobile,DE,88.59,15,0,0
1143,Online,FR,4.94,9,1,0
1144,Mobile,NL,116.84,11,0,0
1145,Online,FR,98.34,17,0,0
1146,Online,NL,55.1,6,1,0
1147,Online,NL,37.57,13,1,1
1148,Mobile,IT,43.67,10,1,0
1149,POS,ES,137.47,15,0,0
1150,POS,FR,5.78,9,1,0
1151,POS,BE,68.53,22,3,0
1152,Online,DE,15.7,9,1,0
1153,Mobile,FR,75.62,2,1,0
1154,POS,ES,17.93,11,2,0
1155,Mobile,BE,67.15,5,3,0
1156,POS,ES,7.04,10,1,0
1157,Mobile,FR,6.09,22,0,0
1158,Mobile,FR,29.58,2,3,1
1159,POS,IT,139.15,1,2,0
1160,Online,IT,56.62,6,2,0
1161,Mobile,DE,56.21,10,1,0
1162,Mobile,FR,78.27,3,1,0
1163,POS,ES,22.27,16,3,0
1164,POS,DE,60.99,14,2,0
1165,Mobile,ES,18.55,16,1,0
1166,Online,IT,24.19,10,0,0
1167,Online,DE,27.39,22,1,0
1168,POS,NL,19.19,16,2,0
1169,Online,IT,31.0,22,5,0
1170,Mobile,IT,25.67,2,1,0
1171,Mobile,IT,16.32,16,1,0
1172,Mobile,BE,28.77,8,1,1
1173,Online,NL,38.68,4,1,0
1174,Mobile,IT,11.02,4,2,0
1175,Online,DE,50.27,4,1,0
1176,Online,DE,20.21,2,1,0
1177,Online,ES,40.37,10,1,0
1178,POS,FR,17.03,18,2,0
1179,Mobile,IT,94.68,11,0,0
1180,Online,IT,86.15,3,0,0
1181,Mobile,ES,11.6,16,0,0
1182,Mobile,IT,55.98,4,2,0
1183,Online,BE,140.65,20,2,0
1184,Online,IT,12.83,8,2,0
1185,Mobile,IT,13.89,0,5,0
1186,Online,DE,69.07,7,0,0
1187,Online,FR,8.96,19,1,0
1188,Mobile,BE,15.22,22,1,0
1189,Online,IT,12.01,10,3,0
1190,POS,FR,69.93,23,1,0
1191,Mobile,DE,16.57,5,0,0
1192,Mobile,DE,24.91,10,3,0
1193,POS,ES,15.67,11,1,0
1194,Mobile,BE,104.43,4,0,0
1195,Mobile,DE,14.02,9,3,0
1196,POS,ES,8.1,11,1,0
1197,POS,BE,7.79,16,1,0
1198,POS,BE,66.26,11,1,0
1199,POS,BE,71.23,2,0,0
1200,Mobile,DE,115.42,11,1,0
1201,POS,DE,9.38,20,0,0
1202,Mobile,ES,26.28,0,2,0
1203,POS,ES,375.14,23,0,0
1204,Online,IT,24.48,3,3,0
1205,Online,IT,18.85,0,2,0
1206,Mobile,FR,32.43,3,1,0
1207,POS,FR,56.26,6,0,0
1208,POS,IT,55.33,8,0,0
1209,Online,NL,17.91,19,0,0
1210,Mobile,IT,18.45,13,1,0
1211,Online,DE,24.62,15,0,0
1212,POS,DE,15.96,21,1,0
1213,POS,FR,9.63,3,1,0
1214,Online,ES,201.94,5,4,0
1215,Online,FR,22.04,23,4,0
1216,Mobile,IT,23.33,18,1,0
1217,Online,ES,24.07,1,3,0
1218,Online,ES,30.55,5,2,0
1219,Online,ES,51.15,8,0,0
1220,Mobile,NL,20.8,0,0,0
1221,Mobile,ES,103.48,13,1,0
1222,Mobile,BE,60.21,15,0,1
1223,Online,DE,27.36,8,0,0
1224,Mobile,ES,17.01,5,0,0
1225,Online,NL,98.0,10,2,0
1226,Online,BE,28.16,22,2,0
1227,POS,BE,9.56,17,1,0
1228,POS,NL,91.93,22,0,0
1229,Online,FR,16.02,13,0,0
1230,Online,NL,78.93,2,2,0
1231,Online,IT,2.68,1,0,0
1232,POS,ES,22.9,4,1,0
1233,POS,IT,105.63,12,1,0
1234,POS,FR,33.29,5,0,0
1235,Online,DE,60.23,7,1,0
1236,POS,IT,13.44,21,1,0
1237,POS,DE,46.89,1,2,0
1238,POS,FR,33.24,1,0,0
1239,Online,NL,42.24,9,2,0
1240,Mobile,ES,254.49,18,0,1
1241,POS,NL,122.07,19,1,0
1242,Online,NL,73.11,6,0,0
1243,Mobile,ES,74.04,6,1,0
1244,POS,IT,13.34,13,1,0
1245,Online,IT,20.67,20,0,0
1246,Mobile,IT,7.15,4,2,0
1247,Online,NL,9.3,21,1,0
1248,Online,FR,13.65,19,3,0
1249,POS,ES,32.16,6,1,0
1250,Mobile,DE,9.73,16,0,0
1251,Mobile,ES,31.84,15,1,0
1252,Mobile,IT,28.39,0,3,0
1253,Online,IT,10.65,9,1,1
1254,Mobile,ES,152.26,5,1,0
1255,Mobile,ES,8.81,1,0,0
1256,Mobile,BE,101.22,11,1,0
1257,Mobile,NL,3.48,16,0,0
1258,Mobile,FR,28.72,12,2,0
1259,POS,IT,10.0,2,2,0
1260,Mobile,IT,17.21,19,1,0
1261,POS,DE,202.38,1,2,0
1262,Online,ES,23.41,9,2,0
1263,Online,DE,10.97,13,1,0
1264,POS,FR,53.93,22,3,0
1265,POS,BE,23.2,18,0,0
1266,Mobile,FR,38.5,4,1,0
1267,Mobile,BE,13.27,10,1,0
1268,Online,NL,13.94,20,2,1
1269,POS,DE,15.06,5,0,0
1270,POS,ES,73.58,21,1,0
1271,Mobile,BE,26.39,12,2,0
1272,POS,IT,11.61,15,2,0
1273,Online,IT,38.93,15,2,0
1274,Online,FR,35.85,23,2,0
1275,Online,DE,58.77,16,0,0
1276,POS,DE,20.45,9,1,0
1277,Online,BE,30.64,14,3,0
1278,Mobile,DE,50.49,16,1,0
1279,Online,FR,12.07,14,2,0
1280,Online,DE,80.34,0,0,0
1281,Online,FR,33.66,21,0,0
1282,Online,IT,11.01,6,1,0
1283,POS,FR,10.93,15,2,0
1284,Mobile,ES,29.98,13,1,0
1285,Mobile,FR,19.1,2,2,0
1286,Mobile,FR,70.43,21,0,0
1287,Mobile,BE,24.86,1,4,0
1288,POS,NL,44.84,22,2,0
1289,Online,FR,14.17,22,2,0
1290,POS,NL,32.36,13,1,0
1291,Mobile,DE,123.41,22,1,0
1292,Online,ES,28.56,20,0,0
1293,Mobile,DE,19.05,21,2,0
1294,Mobile,DE,13.96,19,2,0
1295,Online,BE,32.5,22,0,0
1296,Online,FR,135.55,18,3,0
1297,Online,NL,8.47,21,2,0
1298,Mobile,IT,31.5,2,1,0
1299,POS,IT,5.97,10,1,0
1300,Mobile,BE,21.97,11,1,0
1301,POS,BE,43.07,21,1,0
1302,Online,ES,6.82,11,1,0
1303,Mobile,IT,21.23,10,0,0
1304,POS,NL,44.28,18,0,0
1305,Mobile,NL,37.76,15,0,0
1306,Mobile,DE,46.48,14,1,0
1307,POS,DE,12.5,21,1,0
1308,Mobile,IT,44.26,19,0,0
1309,Online,BE,18.17,17,3,0
1310,POS,ES,67.63,22,0,0
1311,POS,ES,3.28,1,0,0
1312,Online,ES,24.79,13,2,0
1313,POS,IT,36.56,0,1,1
1314,Mobile,BE,127.67,19,1,0
1315,POS,ES,36.12,3,2,0
1316,POS,DE,39.98,13,0,0
1317,Mobile,DE,48.21,18,0,0
1318,POS,BE,115.94,15,1,0
1319,POS,IT,22.6,1,2,0
1320,Online,NL,8.14,11,1,0
1321,POS,BE,6.72,18,0,0
1322,Mobile,DE,64.34,23,1,0
1323,POS,IT,41.4,21,0,0
1324,POS,BE,25.63,19,2,0
1325,Mobile,NL,18.43,7,1,0
1326,Online,NL,39.68,18,2,0
1327,Mobile,BE,40.84,4,1,0
1328,Online,DE,53.51,7,1,0
1329,Online,NL,10.93,6,1,0
1330,Online,NL,5.67,11,0,0
1331,Online,NL,13.28,21,0,0
1332,POS,FR,8.58,20,1,0
1333,POS,ES,8.14,21,2,0
1334,Online,IT,159.13,22,1,0
1335,Mobile,BE,3.43,0,2,0
1336,POS,IT,52.97,23,1,0
1337,Online,ES,82.02,21,0,0
1338,Online,NL,88.9,17,1,0
1339,Mobile,ES,43.69,1,1,0
1340,Online,DE,123.95,17,0,0
1341,POS,IT,197.04,16,0,0
1342,Online,IT,24.48,2,1,0
1343,Mobile,NL,51.8,4,2,0
1344,POS,DE,118.6,18,3,0
1345,Mobile,FR,13.99,4,1,0
1346,POS,ES,25.92,8,0,0
1347,Mobile,BE,17.71,14,1,0
1348,POS,NL,52.51,20,1,0
1349,Mobile,BE,4.96,6,0,0
1350,Mobile,BE,139.3,0,1,0
1351,POS,IT,56.47,20,2,1
1352,POS,DE,59.74,22,0,0
1353,POS,NL,3.12,20,1,0
1354,Mobile,ES,11.7,11,0,0
1355,Mobile,ES,147.01,17,1,0
1356,Online,BE,27.73,3,2,0
1357,Online,ES,5.91,15,0,1
1358,POS,DE,41.33,14,0,0
1359,POS,NL,65.31,15,0,1
1360,Online,FR,56.34,16,1,0
1361,Online,IT,28.49,21,0,0
1362,POS,BE,103.09,18,1,0
1363,POS,BE,16.41,0,1,0
1364,POS,IT,56.83,16,2,0
1365,Online,DE,37.9,17,1,0
1366,Mobile,FR,28.99,13,1,0
1367,Online,ES,22.67,14,1,0
1368,POS,NL,23.49,1,2,0
1369,Mobile,FR,34.2,6,1,0
1370,POS,BE,24.71,20,0,0
1371,Online,DE,68.93,0,0,0
1372,Online,DE,19.38,23,3,0
1373,POS,FR,158.9,5,2,0
1374,Mobile,IT,18.53,18,1,0
1375,POS,FR,83.1,5,0,0
1376,Online,IT,86.77,0,1,0
1377,Mobile,ES,39.09,14,4,0
1378,Online,NL,35.76,18,1,0
1379,POS,IT,15.98,2,2,0
1380,Online,BE,19.75,6,2,0
1381,Online,BE,41.26,7,0,0
1382,Mobile,ES,31.65,23,0,0
1383,Online,NL,108.1,7,1,0
1384,Mobile,DE,21.02,1,1,0
1385,POS,ES,22.33,23,0,0
1386,Online,BE,6.27,2,2,0
1387,Mobile,FR,63.02,11,0,0
1388,Online,FR,57.58,4,3,0
1389,Mobile,BE,87.98,6,3,0
1390,Mobile,FR,93.08,18,1,0
1391,POS,FR,72.89,3,2,1
1392,Online,BE,76.03,15,3,1
1393,Online,DE,60.95,13,1,0
1394,Online,BE,71.1,17,0,1
1395,Online,ES,5.25,3,1,1
1396,POS,ES,11.03,8,0,0
1397,POS,BE,9.36,0,1,0
1398,POS,FR,117.94,21,1,0
1399,Mobile,BE,15.14,23,1,0
1400,POS,ES,17.76,10,1,0
1401,Mobile,DE,33.34,12,1,0
1402,POS,FR,9.55,3,0,0
1403,Mobile,ES,48.45,21,1,0
1404,Mobile,BE,3.93,18,1,0
1405,Online,FR,10.2,2,1,0
1406,POS,DE,40.4,12,1,0
1407,POS,IT,9.57,4,2,0
1408,Online,BE,121.4,14,0,0
1409,Online,BE,34.68,15,1,0
1410,Online,FR,102.73,9,1,0
1411,Online,ES,47.37,10,2,0
1412,Mobile,DE,32.72,17,2,0
1413,Online,IT,12.22,3,0,0
1414,Online,NL,83.86,0,1,0
1415,POS,NL,51.48,9,0,0
1416,POS,BE,266.31,11,1,1
1417,Mobile,IT,75.82,6,2,0
1418,Online,NL,22.26,10,2,0
1419,Mobile,ES,44.23,2,1,0
1420,Online,FR,50.51,17,1,0
1421,Online,NL,105.95,18,1,1
1422,POS,FR,124.2,6,0,0
1423,Mobile,BE,28.16,15,0,0
1424,Online,BE,9.82,5,0,0
1425,POS,IT,5.19,9,1,0
1426,POS,IT,10.6,7,0,0
1427,Mobile,NL,18.32,23,4,0
1428,POS,IT,149.06,11,1,0
1429,Online,NL,151.34,15,2,0
1430,Mobile,IT,86.5,5,0,0
1431,Mobile,ES,113.34,22,3,0
1432,POS,IT,16.32,16,1,0
1433,Mobile,NL,7.28,2,1,0
1434,Online,NL,12.1,7,1,0
1435,Mobile,IT,4.33,12,2,0
1436,Mobile,DE,10.87,10,0,0
1437,Mobile,FR,19.97,19,3,0
1438,Mobile,DE,39.12,13,1,0
1439,POS,NL,37.92,13,1,0
1440,Online,NL,16.62,9,0,0
1441,Mobile,NL,58.5,20,1,0
1442,Mobile,IT,16.94,16,1,0
1443,POS,NL,33.45,16,2,0
1444,POS,IT,10.91,15,0,0
1445,Online,DE,98.36,15,0,0
1446,Mobile,BE,33.81,18,3,0
1447,POS,DE,65.29,5,1,0
1448,Online,IT,9.81,12,0,0
1449,Mobile,NL,39.43,3,1,0
1450,Online,ES,58.69,8,1,0
1451,Online,IT,4.29,6,1,0
1452,Online,FR,106.49,4,0,0
1453,Mobile,FR,9.49,13,0,0
1454,Online,NL,40.89,10,1,0
1455,POS,IT,197.89,10,1,0
1456,POS,IT,86.05,20,1,0
1457,POS,FR,7.46,8,1,0
1458,Mobile,ES,27.71,2,3,0
1459,Online,ES,113.68,18,5,1
1460,POS,FR,14.63,5,0,1
1461,POS,NL,23.11,23,2,0
1462,POS,NL,22.47,15,1,0
1463,Mobile,IT,58.56,6,0,0
1464,Online,ES,7.12,13,1,0
1465,Online,NL,61.94,22,1,0
1466,POS,ES,17.76,21,2,0
1467,Online,IT,32.74,9,0,0
1468,Mobile,BE,26.45,0,1,0
1469,Mobile,FR,60.33,1,2,0
1470,Mobile,IT,32.43,21,2,0
1471,Mobile,IT,139.83,15,2,0
1472,POS,FR,89.07,17,1,0
1473,Mobile,FR,14.95,17,2,0
1474,POS,IT,129.71,18,2,0
1475,Mobile,IT,45.58,12,3,0
1476,Online,BE,39.25,9,0,0
1477,Online,BE,77.34,5,2,0
1478,Mobile,ES,11.69,7,1,0
1479,POS,DE,8.34,18,0,0
1480,Online,IT,33.95,0,0,0
1481,Mobile,DE,18.06,3,0,0
1482,POS,ES,263.41,18,1,0
1483,Mobile,ES,15.42,15,0,0
1484,POS,DE,34.48,3,2,0
1485,Mobile,ES,40.12,0,0,0
1486,Online,IT,113.44,5,2,0
1487,Mobile,FR,12.25,2,0,0
1488,Online,BE,6.61,6,4,0
1489,POS,BE,133.54,19,0,1
1490,Mobile,NL,35.89,20,2,0
1491,POS,BE,74.42,6,0,0
1492,Online,ES,78.0,6,0,0
1493,POS,BE,92.76,19,4,0
1494,Online,FR,22.69,10,1,0
1495,POS,BE,17.31,5,0,0
1496,Online,BE,4.5,17,4,0
1497,POS,IT,12.24,11,0,0
1498,Online,FR,35.24,21,0,0
1499,POS,DE,16.42,21,1,0
1500,Mobile,NL,10.58,18,1,0
1501,POS,IT,34.83,23,2,0
1502,Mobile,DE,126.84,12,1,0
1503,Mobile,FR,31.31,13,2,0
1504,Mobile,ES,10.67,0,2,0
1505,Mobile,DE,118.21,4,3,0
1506,Mobile,DE,15.27,3,1,0
1507,POS,BE,145.38,22,0,0
1508,POS,BE,25.45,6,2,0
1509,Mobile,DE,36.71,14,3,0
1510,POS,BE,157.73,9,1,1
1511,Online,ES,8.57,18,0,0
1512,POS,DE,11.59,8,0,0
1513,Online,FR,23.89,22,1,0
1514,Mobile,DE,28.79,12,0,0
1515,Mobile,IT,465.02,5,0,1
1516,Mobile,FR,13.63,9,0,0
1517,POS,IT,8.99,8,1,0
1518,POS,IT,12.99,17,0,0
1519,POS,DE,41.77,7,5,0
1520,POS,IT,54.17,1,0,0
1521,Online,NL,16.33,18,0,0
1522,Mobile,FR,33.82,23,3,0
1523,POS,NL,231.64,6,0,0
1524,Online,NL,34.3,20,0,0
1525,Mobile,BE,45.65,0,1,0
1526,POS,BE,218.98,8,3,0
1527,POS,BE,16.48,0,0,0
1528,POS,FR,15.43,9,1,0
1529,Online,ES,20.7,14,2,0
1530,POS,FR,19.53,23,0,0
1531,POS,BE,5.36,20,1,0
1532,POS,FR,38.02,22,1,1
1533,Online,DE,41.14,15,0,0
1534,Mobile,BE,27.5,9,1,0
1535,POS,ES,42.41,21,0,0
1536,Mobile,DE,42.87,1,2,0
1537,POS,FR,8.88,19,0,0
1538,Online,IT,44.2,23,0,0
1539,Mobile,DE,57.89,0,0,0
1540,POS,FR,6.71,15,2,0
1541,POS,DE,143.04,21,0,0
1542,Online,FR,9.62,16,2,1
1543,Online,FR,10.61,23,1,0
1544,Online,IT,40.53,6,0,0
1545,POS,NL,56.53,15,2,0
1546,Online,FR,72.07,19,2,0
1547,Online,IT,58.03,1,3,1
1548,Mobile,NL,19.69,13,0,0
1549,Mobile,BE,36.91,23,1,0
1550,Mobile,NL,24.13,11,2,0
1551,Mobile,BE,39.42,19,3,0
1552,Online,ES,35.46,17,1,0
1553,POS,BE,19.99,6,0,0
1554,Mobile,BE,23.4,8,2,0
1555,Online,ES,5.2,11,3,0
1556,POS,BE,75.95,10,0,0
1557,POS,BE,44.59,14,2,0
1558,Mobile,NL,3.3,15,1,0
1559,Online,NL,73.2,9,5,0
1560,POS,NL,31.41,15,1,0
1561,Online,BE,12.98,15,1,1
1562,Mobile,FR,11.88,23,1,0
1563,Online,FR,16.64,19,2,0
1564,POS,FR,13.05,13,2,0
1565,POS,IT,14.92,4,0,0
1566,Online,FR,181.39,7,2,0
1567,Mobile,FR,48.0,7,0,0
1568,Online,BE,253.66,6,0,1
1569,POS,ES,41.5,22,1,0
1570,Mobile,ES,59.1,12,0,0
1571,Mobile,IT,13.73,23,1,0
1572,Mobile,BE,27.99,2,1,0
1573,Online,IT,30.52,17,1,0
1574,POS,BE,61.56,14,1,0
1575,Online,BE,31.52,18,1,0
1576,Mobile,BE,47.06,9,1,0
1577,POS,FR,45.4,12,2,0
1578,Online,DE,24.46,8,1,0
1579,Mobile,FR,22.07,16,2,0
1580,Mobile,BE,16.96,4,1,0
1581,Online,BE,97.74,15,2,0
1582,Mobile,NL,24.47,11,0,0
1583,POS,ES,46.01,19,0,0
1584,POS,ES,28.32,0,0,0
1585,Online,BE,95.83,4,1,0
1586,POS,FR,4.54,14,0,0
1587,Mobile,BE,44.83,8,0,0
1588,Online,BE,9.44,6,0,0
1589,POS,FR,48.95,22,1,0
1590,Online,IT,28.6,21,0,0
1591,Online,NL,7.55,2,0,1
1592,Online,FR,46.42,12,3,0
1593,Online,FR,41.44,16,1,0
1594,Mobile,NL,26.28,18,0,0
1595,Mobile,NL,29.83,4,1,0
1596,Mobile,IT,38.92,20,0,0
1597,Online,ES,107.58,15,2,0
1598,Online,FR,24.18,21,1,0
1599,Mobile,DE,91.2,16,2,0
1600,Mobile,FR,31.9,20,0,1
1601,Mobile,ES,120.99,0,0,0
1602,Mobile,DE,26.18,5,1,0
1603,Mobile,NL,17.01,12,2,0
1604,POS,FR,11.05,7,1,0
1605,POS,BE,32.01,4,0,1
1606,Mobile,BE,14.98,16,4,0
1607,Mobile,DE,134.89,23,3,0
1608,Mobile,IT,13.86,12,2,0
1609,Online,BE,16.61,14,1,0
1610,Online,ES,59.21,14,0,0
1611,POS,IT,108.4,10,0,0
1612,Mobile,BE,68.79,16,1,0
1613,POS,BE,95.46,19,2,0
1614,POS,ES,30.56,2,1,0
1615,Online,ES,31.0,6,2,0
1616,Online,IT,247.59,4,1,0
1617,Online,ES,179.52,19,0,0
1618,Online,NL,67.64,15,1,0
1619,Mobile,FR,100.14,16,1,0
1620,Mobile,BE,78.14,15,2,0
1621,POS,FR,9.91,12,0,0
1622,Mobile,NL,31.83,19,3,0
1623,POS,DE,147.94,3,1,1
1624,POS,DE,68.06,16,1,0
1625,POS,NL,31.08,20,2,0
1626,POS,ES,149.72,4,1,0
1627,Online,FR,47.91,17,0,0
1628,Online,ES,70.5,1,3,0
1629,Mobile,IT,48.16,3,0,0
1630,Mobile,IT,56.89,9,1,0
1631,POS,IT,61.11,23,3,0
1632,Online,FR,121.47,8,2,0
1633,Mobile,DE,138.37,10,1,0
1634,POS,NL,21.09,18,1,0
1635,POS,BE,47.25,19,1,0
1636,POS,NL,118.04,16,4,0
1637,Mobile,DE,29.03,0,0,0
1638,Online,DE,8.95,20,3,0
1639,POS,DE,13.35,6,0,0
1640,Mobile,FR,14.3,12,0,0
1641,Online,DE,20.94,17,1,0
1642,Mobile,BE,15.7,6,1,0
1643,Online,IT,92.68,16,0,0
1644,POS,BE,25.11,12,1,0
1645,Online,ES,116.87,3,0,0
1646,Mobile,NL,10.69,5,0,0
1647,Online,NL,23.26,18,0,0
1648,Mobile,DE,36.76,1,1,0
1649,Online,IT,74.49,9,2,0
1650,Online,DE,103.92,11,2,1
1651,POS,IT,19.33,9,1,1
1652,Online,ES,89.43,9,1,1
1653,Online,ES,6.16,23,2,1
1654,Mobile,DE,79.15,0,1,0
1655,POS,NL,8.66,23,1,0
1656,POS,DE,51.76,17,2,0
1657,Online,IT,102.43,22,1,0
1658,Mobile,FR,80.42,15,0,0
1659,Online,FR,6.43,22,1,0
1660,POS,DE,21.17,1,0,0
1661,Mobile,FR,67.83,17,2,0
1662,Mobile,FR,65.91,17,0,0
1663,POS,ES,43.64,22,1,0
1664,Online,ES,3.66,1,1,0
1665,Mobile,FR,109.73,12,3,0
1666,Online,FR,131.14,12,1,0
1667,POS,FR,39.01,2,4,0
1668,Online,DE,41.62,14,1,0
1669,Online,NL,54.77,11,4,0
1670,POS,DE,142.66,11,2,0
1671,POS,NL,42.54,16,0,0
1672,Mobile,NL,27.35,17,1,0
1673,Mobile,DE,48.5,15,3,0
1674,Mobile,IT,32.75,9,1,0
1675,Mobile,DE,33.12,23,1,0
1676,POS,ES,5.66,5,2,0
1677,POS,NL,55.86,8,5,0
1678,POS,FR,106.85,11,1,0
1679,POS,BE,91.87,7,0,0
1680,Online,BE,85.71,8,1,0
1681,Online,ES,31.41,22,1,0
1682,POS,DE,38.31,3,0,0
1683,POS,ES,109.01,12,0,0
1684,Mobile,FR,78.83,11,1,0
1685,Mobile,FR,146.4,2,1,0
1686,Online,DE,16.9,4,2,0
1687,Online,IT,16.79,6,0,0
1688,Mobile,ES,23.75,11,1,0
1689,POS,FR,12.9,9,1,0
1690,Online,ES,8.83,14,0,0
1691,Mobile,IT,52.91,9,0,0
1692,POS,DE,49.43,18,0,0
1693,Online,DE,42.36,8,0,0
1694,POS,ES,47.17,20,0,0
1695,Mobile,DE,7.66,23,3,0
1696,Mobile,NL,20.49,16,0,0
1697,Online,BE,24.69,2,1,0
1698,POS,DE,34.76,21,2,0
1699,POS,BE,7.69,19,3,0
1700,Mobile,NL,13.09,13,0,0
1701,Online,FR,21.4,8,1,0
1702,Mobile,DE,95.42,17,1,0
1703,POS,BE,43.03,14,0,0
1704,POS,DE,91.98,18,2,0
1705,POS,DE,29.3,15,0,0
1706,POS,IT,33.15,19,1,0
1707,Online,IT,54.55,23,0,0
1708,POS,DE,27.74,18,1,0
1709,POS,BE,17.73,7,0,0
1710,POS,FR,7.46,21,1,0
1711,POS,DE,18.21,19,2,0
1712,POS,NL,76.42,11,0,0
1713,Online,IT,116.82,1,3,0
1714,POS,NL,15.28,22,1,0
1715,Online,FR,5.85,12,2,0
1716,POS,DE,83.65,9,3,0
1717,POS,ES,35.49,14,0,0
1718,Online,NL,8.61,1,2,0
1719,Mobile,BE,1.48,19,3,0
1720,Online,FR,12.64,4,1,0
1721,POS,BE,20.84,6,1,0
1722,POS,DE,10.47,13,2,0
1723,Mobile,NL,66.15,15,1,0
1724,Mobile,DE,14.69,0,1,0
1725,POS,BE,33.53,13,0,0
1726,Mobile,BE,355.49,3,1,0
1727,Online,IT,37.24,22,3,0
1728,Mobile,IT,29.5,8,0,0
1729,Online,ES,30.18,11,0,0
1730,Mobile,NL,64.65,14,0,0
1731,Online,ES,57.12,3,2,0
1732,Online,ES,12.14,3,1,0
1733,Mobile,ES,21.95,23,1,0
1734,Mobile,BE,16.99,13,0,0
1735,POS,ES,24.96,5,0,0
1736,Mobile,BE,205.74,15,1,0
1737,Online,BE,61.4,21,1,0
1738,POS,ES,30.58,18,0,0
1739,Online,NL,114.95,9,2,0
1740,POS,BE,39.98,15,1,0
1741,POS,NL,6.44,21,1,0
1742,POS,IT,174.86,6,1,0
1743,Online,IT,28.32,18,2,0
1744,Online,NL,3.47,23,1,0
1745,Online,IT,6.69,8,1,0
1746,Online,FR,102.28,21,3,0
1747,POS,ES,6.8,0,1,0
1748,Online,BE,127.64,8,0,0
1749,Mobile,NL,35.91,6,3,1
1750,POS,IT,67.62,0,0,0
1751,Online,BE,25.62,14,0,0
1752,Mobile,FR,55.89,12,1,0
1753,Online,BE,45.45,9,0,0
1754,Online,IT,31.86,20,0,0
1755,POS,BE,11.41,5,1,0
1756,Online,BE,47.4,19,2,0
1757,Mobile,IT,5.38,15,3,0
1758,Mobile,ES,84.06,21,0,1
1759,POS,NL,40.33,0,0,1
1760,Mobile,ES,52.68,23,3,0
1761,Online,IT,2.42,0,2,0
1762,POS,ES,10.74,17,0,0
1763,Mobile,NL,19.97,18,1,0
1764,POS,BE,64.95,3,1,0
1765,Mobile,NL,12.9,0,1,0
1766,POS,ES,423.27,0,3,0
1767,Mobile,IT,25.45,3,2,0
1768,POS,NL,11.99,3,1,0
1769,Online,NL,27.47,23,1,0
1770,Mobile,IT,12.79,4,2,0
1771,Online,ES,10.13,19,0,0
1772,Online,ES,91.01,1,0,0
1773,Mobile,DE,55.33,15,0,0
1774,Mobile,BE,55.49,10,0,0
1775,POS,ES,118.72,12,1,0
1776,POS,NL,53.88,18,3,0
1777,Mobile,DE,11.39,5,1,0
1778,Mobile,DE,67.27,0,0,0
1779,Mobile,BE,10.73,5,0,0
1780,Online,DE,20.53,19,0,0
1781,Online,FR,31.64,14,3,0
1782,Mobile,DE,28.58,22,4,0
1783,POS,NL,5.52,20,1,0
1784,POS,ES,12.58,3,0,1
1785,POS,BE,32.38,1,3,0
1786,POS,IT,17.98,0,0,0
1787,Online,BE,102.13,4,0,0
1788,POS,ES,121.21,11,4,0
1789,Online,FR,10.8,0,1,0
1790,Online,FR,35.15,20,0,0
1791,Mobile,FR,161.21,11,1,0
1792,Online,IT,28.96,17,2,0
1793,Mobile,FR,22.04,20,2,0
1794,Online,IT,78.27,0,2,0
1795,Mobile,DE,25.17,10,0,0
1796,Online,ES,118.02,16,0,0
1797,Mobile,DE,18.27,23,0,0
1798,POS,FR,20.6,19,1,0
1799,Mobile,IT,72.98,5,2,0
1800,Mobile,ES,36.62,6,1,0
1801,POS,FR,36.91,19,1,0
1802,Mobile,FR,4.91,15,0,0
1803,Mobile,ES,23.26,5,4,0
1804,POS,NL,78.57,11,0,0
1805,Online,IT,15.12,22,3,0
1806,Online,BE,66.73,4,1,0
1807,POS,DE,43.29,7,1,0
1808,POS,ES,27.12,21,1,0
1809,POS,IT,128.73,16,2,0
1810,Mobile,FR,23.57,5,1,0
1811,Online,FR,25.28,6,0,1
1812,Mobile,IT,26.81,20,3,0
1813,Mobile,FR,35.89,6,1,0
1814,Online,IT,71.3,16,1,0
1815,Mobile,IT,7.59,11,2,0
1816,Mobile,BE,78.89,5,2,0
1817,POS,NL,35.45,8,2,0
1818,Mobile,NL,57.63,17,2,0
1819,Mobile,DE,362.07,19,0,0
1820,Mobile,NL,19.85,0,2,0
1821,POS,ES,9.73,21,2,0
1822,POS,BE,40.2,5,0,0
1823,POS,FR,47.09,15,1,0
1824,POS,ES,79.17,6,1,0
1825,POS,NL,19.33,6,0,0
1826,Mobile,BE,14.44,21,1,1
1827,Online,FR,7.15,16,2,0
1828,Mobile,NL,8.44,21,0,0
1829,POS,FR,21.85,0,0,0
1830,Mobile,NL,29.47,6,1,0
1831,Online,NL,261.16,1,0,0
1832,Mobile,DE,6.09,11,0,0
1833,POS,DE,46.31,11,1,0
1834,Mobile,BE,16.02,23,1,0
1835,POS,ES,41.38,5,2,0
1836,Mobile,FR,19.04,15,1,0
1837,POS,BE,93.26,23,2,0
1838,Online,NL,92.68,1,2,0
1839,Online,ES,29.57,10,1,0
1840,POS,BE,139.65,9,0,0
1841,POS,FR,70.82,0,1,0
1842,POS,IT,133.29,10,2,0
1843,Mobile,DE,31.72,6,2,0
1844,Mobile,FR,85.78,7,2,1
1845,Online,IT,15.36,5,2,1
1846,POS,NL,13.88,12,2,0
1847,Online,BE,292.9,9,2,1
1848,POS,BE,11.18,17,1,0
1849,POS,ES,21.41,8,0,0
1850,Mobile,IT,4.96,16,1,0
1851,POS,FR,14.21,12,4,0
1852,POS,NL,12.25,8,1,0
1853,POS,FR,16.94,19,0,0
1854,Online,NL,44.7,17,0,0
1855,Online,ES,56.89,12,2,0
1856,Mobile,BE,12.1,12,3,0
1857,Online,ES,15.03,18,1,0
1858,POS,FR,97.86,18,2,0
1859,Mobile,IT,182.23,17,1,0
1860,Online,IT,116.27,2,1,0
1861,Mobile,IT,6.38,5,3,0
1862,POS,ES,108.79,9,3,0
1863,Online,DE,211.39,13,0,0
1864,Mobile,NL,6.07,9,0,0
1865,POS,IT,97.78,19,0,0
1866,Online,IT,41.48,8,1,0
1867,POS,IT,23.88,13,2,0
1868,POS,BE,36.83,16,0,0
1869,Mobile,IT,51.59,9,1,0
1870,POS,FR,105.38,13,1,0
1871,Online,NL,100.08,17,0,0
1872,Mobile,DE,7.34,9,0,0
1873,Mobile,IT,17.31,23,3,0
1874,POS,BE,36.36,12,0,0
1875,Mobile,IT,159.53,18,1,0
1876,POS,IT,2.17,16,1,0
1877,Online,ES,17.98,19,1,0
1878,Mobile,NL,7.19,16,1,0
1879,Online,DE,8.42,12,0,0
1880,Mobile,FR,88.74,18,0,0
1881,Mobile,NL,19.46,11,0,0
1882,Online,IT,3.21,20,3,0
1883,Online,DE,28.26,12,2,0
1884,POS,FR,253.63,17,0,0
1885,POS,ES,5.44,4,1,0
1886,Mobile,NL,56.43,4,0,0
1887,Online,BE,158.81,13,1,0
1888,Online,NL,31.52,20,1,0
1889,POS,IT,227.69,17,2,0
1890,Mobile,ES,17.12,7,0,0
1891,Mobile,FR,140.6,20,2,0
1892,POS,ES,111.05,15,1,0
1893,Online,DE,32.06,13,0,0
1894,Online,NL,7.48,23,1,0
1895,POS,NL,12.16,18,2,0
1896,Online,DE,3.18,7,0,0
1897,Mobile,ES,59.99,1,2,0
1898,Online,BE,53.21,6,0,0
1899,POS,DE,35.85,4,2,0
1900,Mobile,ES,29.29,4,1,0
1901,POS,FR,128.71,12,0,0
1902,Mobile,NL,44.6,23,0,0
1903,POS,ES,19.02,15,1,0
1904,Mobile,FR,38.37,10,1,0
1905,POS,BE,256.6,5,2,0
1906,Mobile,BE,61.69,18,0,0
1907,Mobile,NL,22.42,13,0,0
1908,POS,NL,31.67,1,1,0
1909,Online,NL,52.63,11,1,0
1910,Mobile,DE,21.73,4,2,0
1911,Mobile,DE,19.89,11,1,0
1912,Mobile,IT,32.74,1,1,1
1913,POS,ES,151.27,5,4,0
1914,POS,IT,73.04,19,1,0
1915,Online,FR,21.99,4,1,0
1916,Mobile,DE,78.97,2,0,0
1917,Mobile,FR,33.4,5,0,0
1918,Mobile,IT,46.74,22,2,0
1919,Online,FR,42.68,22,0,0
1920,POS,BE,4.01,15,1,0
1921,POS,NL,1.57,18,0,0
1922,Online,IT,41.54,21,3,0
1923,Online,BE,14.11,7,3,0
1924,POS,IT,6.43,9,0,0
1925,POS,DE,14.56,0,1,0
1926,Mobile,BE,83.48,12,0,0
1927,Mobile,DE,47.36,22,0,0
1928,Mobile,FR,71.65,0,1,0
1929,Mobile,DE,52.1,17,1,0
1930,Mobile,NL,13.21,11,4,0
1931,POS,FR,71.99,23,0,0
1932,Mobile,BE,59.49,14,0,0
1933,Mobile,NL,29.44,9,1,0
1934,Online,FR,35.12,2,2,0
1935,Online,NL,73.15,13,3,0
1936,Mobile,BE,15.65,23,0,0
1937,Online,DE,98.29,0,1,1
1938,POS,NL,58.27,0,2,0
1939,POS,BE,33.19,21,0,0
1940,Mobile,IT,153.12,6,0,0
1941,Mobile,IT,9.08,14,1,0
1942,Online,IT,20.9,14,0,0
1943,Online,DE,16.74,11,1,0
1944,Online,DE,47.37,11,1,0
1945,Mobile,IT,108.03,16,1,0
1946,POS,BE,12.39,5,1,0
1947,POS,BE,902.8,4,2,0
1948,POS,ES,17.07,23,2,0
1949,Mobile,NL,47.5,0,0,0
1950,Online,BE,33.2,4,2,0
1951,POS,BE,34.68,17,0,0
1952,Online,IT,14.99,13,0,0
1953,POS,FR,96.31,7,1,0
1954,POS,BE,14.1,2,3,0
1955,Mobile,ES,5.65,8,1,1
1956,Mobile,DE,10.78,1,0,0
1957,Mobile,NL,140.52,13,1,0
1958,Online,FR,115.64,11,0,0
1959,Mobile,BE,4.45,22,3,0
1960,Online,FR,74.72,19,2,0
1961,POS,ES,4.56,11,1,0
1962,POS,DE,32.23,12,2,0
1963,Online,NL,9.9,16,1,0
1964,Mobile,ES,80.7,7,4,0
1965,Mobile,IT,57.67,14,0,0
1966,POS,BE,88.2,0,2,0
1967,POS,DE,24.65,22,1,0
1968,Mobile,FR,27.35,22,0,0
1969,POS,FR,7.39,21,3,0
1970,Online,FR,11.82,5,1,0
1971,POS,DE,85.5,18,1,0
1972,POS,FR,47.81,13,1,0
1973,Online,DE,36.76,23,0,0
1974,Mobile,FR,116.99,0,1,0
1975,Mobile,FR,9.02,9,1,0
1976,POS,BE,68.04,2,1,0
1977,Mobile,ES,10.18,22,2,1
1978,POS,DE,145.17,4,3,0
1979,POS,NL,57.08,0,3,0
1980,Mobile,ES,86.88,2,0,1
1981,POS,DE,16.42,23,2,0
1982,POS,IT,293.56,12,2,0
1983,Mobile,BE,244.34,2,1,0
1984,Online,BE,50.93,9,2,0
1985,Online,FR,107.26,10,1,0
1986,Online,ES,24.49,19,1,0
1987,Online,BE,9.31,5,0,0
1988,Mobile,IT,73.39,2,1,0
1989,POS,NL,13.21,17,0,0
1990,Mobile,DE,122.76,10,1,0
1991,POS,DE,94.43,2,0,0
1992,Online,DE,41.9,10,1,0
1993,Online,IT,39.62,10,1,0
1994,POS,NL,89.06,5,1,0
1995,Online,NL,43.58,4,1,0
1996,POS,FR,22.1,2,0,0
1997,POS,DE,7.28,20,1,0
1998,Online,DE,86.39,0,3,0
1999,POS,BE,47.77,12,1,0
2000,Mobile,BE,520.95,0,2,0
